id;movie_name;movie_details
1;Checking Account parsing;Strategist calculating
2;deposit e-services;Ball
3;Tasty Concrete Gloves e-business;Zimbabwe Honduras
4;Baby User-centric Mobility;Borders service-desk
5;Checking Account Rand Loti virtual;GB circuit generate
6;Personal Loan Account;invoice Future
7;Cross-group Savings Account;back up
8;Investment Account Fully-configurable Bacon;Tanzanian Shilling Small Frozen Shirt
9;Dynamic pixel;Handcrafted Fresh Keyboard virtual methodologies
10;system Forint;solutions
