id;contact_name;contact_number;email
1;Lead metrics;connecting incubate;Kaela83@hotmail.com
2;Dynamic fault-tolerant Response;Global Car Assistant;Sophie.Gutkowski@yahoo.com
3;Optimization multi-byte copying;Baby;Betty.Boyer28@gmail.com
4;Incredible;Regional;Betsy2@gmail.com
5;Incredible magenta;homogeneous process magenta;Maurine_Rice53@gmail.com
6;full-range Card Pants;transmit;Cole.Ziemann30@yahoo.com
7;calculating Fantastic;Point;Tressie_Greenholt52@gmail.com
8;deposit;Personal defect Bike;Alana41@hotmail.com
9;architect strategize engage;Credit bypass Forge;Rylee99@hotmail.com
10;compress dynamic;fresh-thinking;Marie26@gmail.com
